<?xml version="1.0" encoding="UTF-8"?>
<metadata xml:lang="en"><Esri><CreaDate>20161110</CreaDate><CreaTime>18043600</CreaTime><ArcGISFormat>1.0</ArcGISFormat><SyncOnce>TRUE</SyncOnce><DataProperties><lineage><Process ToolSource="c:\program files (x86)\arcgis\desktop10.3\ArcToolbox\Toolboxes\Data Management Tools.tbx\CalculateField" Date="20161110" Time="180436">CalculateField Multiple_Shapes_Layer LABEL "Archaeological sites preemptively bulldozed on Sept. 3" VB #</Process><Process ToolSource="c:\program files (x86)\arcgis\desktop10.3\ArcToolbox\Toolboxes\Data Management Tools.tbx\CalculateField" Date="20161110" Time="180632">CalculateField Multiple_Shapes_Layer LABEL "Archaeological sites preemptively bulldozed on Sept. 3" VB #</Process></lineage></DataProperties></Esri></metadata>
